Question,Answer,Category
How can I track my order?,You can track your order from the Orders section in your account.,Track Order
Where can I track my package?,You can track your order from the Orders section in your account.,Track Order
How do I check my order status?,You can track your order from the Orders section in your account.,Track Order
Where is my order now?,You can track your order from the Orders section in your account.,Track Order
Can I see the location of my order?,You can track your order from the Orders section in your account.,Track Order
How can I find my tracking information?,You can track your order from the Orders section in your account.,Track Order
How do I know where my package is?,You can track your order from the Orders section in your account.,Track Order
Can I track my delivery?,You can track your order from the Orders section in your account.,Track Order
Where can I find my tracking number?,You can track your order from the Orders section in your account.,Track Order
How can I check my package status?,You can track your order from the Orders section in your account.,Track Order
How long does shipping take?,Standard shipping usually takes 3 to 5 business days.,Shipping Time
When will my order arrive?,Standard shipping usually takes 3 to 5 business days.,Shipping Time
What is the estimated delivery time?,Standard shipping usually takes 3 to 5 business days.,Shipping Time
How many days does delivery take?,Standard shipping usually takes 3 to 5 business days.,Shipping Time
When should I expect my package?,Standard shipping usually takes 3 to 5 business days.,Shipping Time
How fast is standard shipping?,Standard shipping usually takes 3 to 5 business days.,Shipping Time
What is the normal shipping time?,Standard shipping usually takes 3 to 5 business days.,Shipping Time
How long will it take to receive my order?,Standard shipping usually takes 3 to 5 business days.,Shipping Time
When can I expect delivery?,Standard shipping usually takes 3 to 5 business days.,Shipping Time
What is the delivery timeframe?,Standard shipping usually takes 3 to 5 business days.,Shipping Time
Can I cancel my order?,"Yes, you can cancel your order before it is shipped.",Cancel Order
How do I cancel an order?,"Yes, you can cancel your order before it is shipped.",Cancel Order
Is it possible to cancel my order?,"Yes, you can cancel your order before it is shipped.",Cancel Order
Can I stop my order before shipping?,"Yes, you can cancel your order before it is shipped.",Cancel Order
I want to cancel my purchase,"Yes, you can cancel your order before it is shipped.",Cancel Order
How can I cancel an order I placed?,"Yes, you can cancel your order before it is shipped.",Cancel Order
Can my order be cancelled?,"Yes, you can cancel your order before it is shipped.",Cancel Order
What is the cancellation policy?,"Yes, you can cancel your order before it is shipped.",Cancel Order
Can I cancel before my package is shipped?,"Yes, you can cancel your order before it is shipped.",Cancel Order
How do I request an order cancellation?,"Yes, you can cancel your order before it is shipped.",Cancel Order
What payment methods do you accept?,"We accept credit cards, debit cards, and PayPal.",Payment Methods
Which payment methods are available?,"We accept credit cards, debit cards, and PayPal.",Payment Methods
Can I pay with a credit card?,"We accept credit cards, debit cards, and PayPal.",Payment Methods
Do you accept debit cards?,"We accept credit cards, debit cards, and PayPal.",Payment Methods
Can I use PayPal?,"We accept credit cards, debit cards, and PayPal.",Payment Methods
What cards can I use for payment?,"We accept credit cards, debit cards, and PayPal.",Payment Methods
How can I pay for my order?,"We accept credit cards, debit cards, and PayPal.",Payment Methods
Is PayPal accepted?,"We accept credit cards, debit cards, and PayPal.",Payment Methods
Can I pay using a debit card?,"We accept credit cards, debit cards, and PayPal.",Payment Methods
What are your available payment options?,"We accept credit cards, debit cards, and PayPal.",Payment Methods
How can I return a product?,You can request a return within 14 days of receiving your order.,Return Product
What is the return process?,You can request a return within 14 days of receiving your order.,Return Product
How do I return an item?,You can request a return within 14 days of receiving your order.,Return Product
Can I return something I bought?,You can request a return within 14 days of receiving your order.,Return Product
What is your return policy?,You can request a return within 14 days of receiving your order.,Return Product
How many days do I have to return a product?,You can request a return within 14 days of receiving your order.,Return Product
Can I send a product back?,You can request a return within 14 days of receiving your order.,Return Product
How do I request a return?,You can request a return within 14 days of receiving your order.,Return Product
Where can I start a return?,You can request a return within 14 days of receiving your order.,Return Product
What are the requirements for returning a product?,You can request a return within 14 days of receiving your order.,Return Product
I forgot my password,Click "Forgot Password" on the login page to reset your password.,Password Reset
How can I reset my password?,Click "Forgot Password" on the login page to reset your password.,Password Reset
What should I do if I forget my password?,Click "Forgot Password" on the login page to reset your password.,Password Reset
How do I change my forgotten password?,Click "Forgot Password" on the login page to reset your password.,Password Reset
Where can I reset my password?,Click "Forgot Password" on the login page to reset your password.,Password Reset
I cannot remember my password,Click "Forgot Password" on the login page to reset your password.,Password Reset
How can I recover my account password?,Click "Forgot Password" on the login page to reset your password.,Password Reset
What is the password reset process?,Click "Forgot Password" on the login page to reset your password.,Password Reset
How do I get a new password?,Click "Forgot Password" on the login page to reset your password.,Password Reset
Can I reset my password online?,Click "Forgot Password" on the login page to reset your password.,Password Reset
How can I get a refund?,Refunds are issued after the returned product is received and approved.,Refund
When will I receive my refund?,Refunds are issued after the returned product is received and approved.,Refund
What is the refund process?,Refunds are issued after the returned product is received and approved.,Refund
How long does a refund take?,Refunds are issued after the returned product is received and approved.,Refund
When will my refund be processed?,Refunds are issued after the returned product is received and approved.,Refund
How do I request a refund?,Refunds are issued after the returned product is received and approved.,Refund
Can I get my money back?,Refunds are issued after the returned product is received and approved.,Refund
What are the refund conditions?,Refunds are issued after the returned product is received and approved.,Refund
How long until my money is returned?,Refunds are issued after the returned product is received and approved.,Refund
When will the refunded amount appear?,Refunds are issued after the returned product is received and approved.,Refund
Do you offer discounts?,"Yes, we offer discounts and special promotions from time to time.",Discounts
Are there any discounts available?,"Yes, we offer discounts and special promotions from time to time.",Discounts
How can I get a discount?,"Yes, we offer discounts and special promotions from time to time.",Discounts
Do you have special promotions?,"Yes, we offer discounts and special promotions from time to time.",Discounts
Are there any current offers?,"Yes, we offer discounts and special promotions from time to time.",Discounts
Can I get a promotional discount?,"Yes, we offer discounts and special promotions from time to time.",Discounts
Do you offer special deals?,"Yes, we offer discounts and special promotions from time to time.",Discounts
Where can I find discounts?,"Yes, we offer discounts and special promotions from time to time.",Discounts
Are there seasonal promotions?,"Yes, we offer discounts and special promotions from time to time.",Discounts
Do you have discount offers?,"Yes, we offer discounts and special promotions from time to time.",Discounts
How can I change my account email?,You can change your email from the Account Settings section.,Change Email
Can I change the email on my account?,You can change your email from the Account Settings section.,Change Email
Where can I update my email address?,You can change your email from the Account Settings section.,Change Email
How do I update my account email?,You can change your email from the Account Settings section.,Change Email
Can I edit my email address?,You can change your email from the Account Settings section.,Change Email
How do I replace my old email?,You can change your email from the Account Settings section.,Change Email
Where are the email settings?,You can change your email from the Account Settings section.,Change Email
Can I change my registered email?,You can change your email from the Account Settings section.,Change Email
How can I update my account information?,You can change your email from the Account Settings section.,Change Email
How do I modify my email address?,You can change your email from the Account Settings section.,Change Email
How do I know if a product is available?,Product availability is shown on the product page before you place an order.,Product Availability
Where can I check product availability?,Product availability is shown on the product page before you place an order.,Product Availability
Is this product currently available?,Product availability is shown on the product page before you place an order.,Product Availability
How can I see if an item is in stock?,Product availability is shown on the product page before you place an order.,Product Availability
Can I check if a product is available?,Product availability is shown on the product page before you place an order.,Product Availability
Where is the stock information?,Product availability is shown on the product page before you place an order.,Product Availability
How do I know if an item is out of stock?,Product availability is shown on the product page before you place an order.,Product Availability
Is the product still in stock?,Product availability is shown on the product page before you place an order.,Product Availability
How can I check item availability?,Product availability is shown on the product page before you place an order.,Product Availability
Where can I find stock status?,Product availability is shown on the product page before you place an order.,Product Availability
Can I change my shipping address?,You can update your shipping address from your order settings if the order has not been shipped.,Change Shipping Address
How do I change the delivery address?,You can update your shipping address from your order settings if the order has not been shipped.,Change Shipping Address
Can I update my shipping address?,You can update your shipping address from your order settings if the order has not been shipped.,Change Shipping Address
Where can I edit my delivery address?,You can update your shipping address from your order settings if the order has not been shipped.,Change Shipping Address
I entered the wrong shipping address,You can update your shipping address from your order settings if the order has not been shipped.,Change Shipping Address
How can I correct my delivery address?,You can update your shipping address from your order settings if the order has not been shipped.,Change Shipping Address
Can I change the address after ordering?,You can update your shipping address from your order settings if the order has not been shipped.,Change Shipping Address
How do I update the address for my order?,You can update your shipping address from your order settings if the order has not been shipped.,Change Shipping Address
Is it possible to modify the shipping address?,You can update your shipping address from your order settings if the order has not been shipped.,Change Shipping Address
What should I do if my address is wrong?,You can update your shipping address from your order settings if the order has not been shipped.,Change Shipping Address
Do you ship internationally?,"Yes, we offer international shipping to selected countries.",International Shipping
Can you deliver orders outside the country?,"Yes, we offer international shipping to selected countries.",International Shipping
Do you offer international shipping?,"Yes, we offer international shipping to selected countries.",International Shipping
Can I order from another country?,"Yes, we offer international shipping to selected countries.",International Shipping
Which countries do you ship to?,"Yes, we offer international shipping to selected countries.",International Shipping
Is international delivery available?,"Yes, we offer international shipping to selected countries.",International Shipping
Can you ship products overseas?,"Yes, we offer international shipping to selected countries.",International Shipping
How can I place an international order?,"Yes, we offer international shipping to selected countries.",International Shipping
Do you deliver internationally?,"Yes, we offer international shipping to selected countries.",International Shipping
What countries are eligible for shipping?,"Yes, we offer international shipping to selected countries.",International Shipping
My package is delayed,"If your package is delayed, please check the tracking information or contact customer support.",Delayed Package
Why is my order delayed?,"If your package is delayed, please check the tracking information or contact customer support.",Delayed Package
My order has not arrived yet,"If your package is delayed, please check the tracking information or contact customer support.",Delayed Package
What should I do if my delivery is late?,"If your package is delayed, please check the tracking information or contact customer support.",Delayed Package
Why hasn't my package arrived?,"If your package is delayed, please check the tracking information or contact customer support.",Delayed Package
My shipment is taking too long,"If your package is delayed, please check the tracking information or contact customer support.",Delayed Package
What can I do about a delayed package?,"If your package is delayed, please check the tracking information or contact customer support.",Delayed Package
My order is late,"If your package is delayed, please check the tracking information or contact customer support.",Delayed Package
Why is my delivery taking so long?,"If your package is delayed, please check the tracking information or contact customer support.",Delayed Package
What should I do about a late delivery?,"If your package is delayed, please check the tracking information or contact customer support.",Delayed Package
My package is lost,"If your package is lost, please contact customer support for assistance.",Lost Package
I cannot find my package,"If your package is lost, please contact customer support for assistance.",Lost Package
What should I do if my package is lost?,"If your package is lost, please contact customer support for assistance.",Lost Package
My order never arrived,"If your package is lost, please contact customer support for assistance.",Lost Package
The tracking says delivered but I did not receive it,"If your package is lost, please contact customer support for assistance.",Lost Package
What happens if my package is missing?,"If your package is lost, please contact customer support for assistance.",Lost Package
My shipment disappeared,"If your package is lost, please contact customer support for assistance.",Lost Package
I have not received my package,"If your package is lost, please contact customer support for assistance.",Lost Package
Can you help with a lost delivery?,"If your package is lost, please contact customer support for assistance.",Lost Package
What should I do if my order is missing?,"If your package is lost, please contact customer support for assistance.",Lost Package
My product arrived damaged,"If your product arrives damaged, please contact customer support to report the issue.",Damaged Product
What should I do if my item is damaged?,"If your product arrives damaged, please contact customer support to report the issue.",Damaged Product
I received a damaged product,"If your product arrives damaged, please contact customer support to report the issue.",Damaged Product
My order was damaged during shipping,"If your product arrives damaged, please contact customer support to report the issue.",Damaged Product
How can I report a damaged item?,"If your product arrives damaged, please contact customer support to report the issue.",Damaged Product
Can I return a damaged product?,"If your product arrives damaged, please contact customer support to report the issue.",Damaged Product
What happens if my package arrives damaged?,"If your product arrives damaged, please contact customer support to report the issue.",Damaged Product
My product is broken,"If your product arrives damaged, please contact customer support to report the issue.",Damaged Product
How do I replace a damaged item?,"If your product arrives damaged, please contact customer support to report the issue.",Damaged Product
Can I get a refund for a damaged product?,"If your product arrives damaged, please contact customer support to report the issue.",Damaged Product
Can I exchange a product?,You can request an exchange if the product meets our exchange policy requirements.,Exchange Product
How do I exchange an item?,You can request an exchange if the product meets our exchange policy requirements.,Exchange Product
Can I replace my product with another one?,You can request an exchange if the product meets our exchange policy requirements.,Exchange Product
What is the exchange policy?,You can request an exchange if the product meets our exchange policy requirements.,Exchange Product
How can I request an exchange?,You can request an exchange if the product meets our exchange policy requirements.,Exchange Product
Can I exchange a product for another size?,You can request an exchange if the product meets our exchange policy requirements.,Exchange Product
Can I replace a defective item?,You can request an exchange if the product meets our exchange policy requirements.,Exchange Product
How do I change an item after purchase?,You can request an exchange if the product meets our exchange policy requirements.,Exchange Product
Is product exchange available?,You can request an exchange if the product meets our exchange policy requirements.,Exchange Product
What are the requirements for an exchange?,You can request an exchange if the product meets our exchange policy requirements.,Exchange Product
How can I contact customer support?,You can contact our customer support team through the Help or Contact Us section.,Customer Support
How do I reach customer service?,You can contact our customer support team through the Help or Contact Us section.,Customer Support
Where can I contact support?,You can contact our customer support team through the Help or Contact Us section.,Customer Support
Can I talk to a customer service representative?,You can contact our customer support team through the Help or Contact Us section.,Customer Support
How can I get help with my order?,You can contact our customer support team through the Help or Contact Us section.,Customer Support
Where can I get customer support?,You can contact our customer support team through the Help or Contact Us section.,Customer Support
How do I contact your support team?,You can contact our customer support team through the Help or Contact Us section.,Customer Support
Is there a customer service number?,You can contact our customer support team through the Help or Contact Us section.,Customer Support
How can I ask for help?,You can contact our customer support team through the Help or Contact Us section.,Customer Support
Who can I contact if I have a problem?,You can contact our customer support team through the Help or Contact Us section.,Customer Support
